Tracking Number,Filename
TH1000000001,barcodes_tracking_only/TH1000000001.png
TH1000000002,barcodes_tracking_only/TH1000000002.png
TH1000000003,barcodes_tracking_only/TH1000000003.png
TH1000000004,barcodes_tracking_only/TH1000000004.png
TH1000000005,barcodes_tracking_only/TH1000000005.png
TH1000000006,barcodes_tracking_only/TH1000000006.png
TH1000000007,barcodes_tracking_only/TH1000000007.png
TH1000000008,barcodes_tracking_only/TH1000000008.png
TH1000000009,barcodes_tracking_only/TH1000000009.png
TH1000000010,barcodes_tracking_only/TH1000000010.png
TH1000000011,barcodes_tracking_only/TH1000000011.png
TH1000000012,barcodes_tracking_only/TH1000000012.png
TH1000000013,barcodes_tracking_only/TH1000000013.png
TH1000000014,barcodes_tracking_only/TH1000000014.png
TH1000000015,barcodes_tracking_only/TH1000000015.png
TH1000000016,barcodes_tracking_only/TH1000000016.png
TH1000000017,barcodes_tracking_only/TH1000000017.png
TH1000000018,barcodes_tracking_only/TH1000000018.png
TH1000000019,barcodes_tracking_only/TH1000000019.png
TH1000000020,barcodes_tracking_only/TH1000000020.png
TH1000000021,barcodes_tracking_only/TH1000000021.png
TH1000000022,barcodes_tracking_only/TH1000000022.png
TH1000000023,barcodes_tracking_only/TH1000000023.png
TH1000000024,barcodes_tracking_only/TH1000000024.png
TH1000000025,barcodes_tracking_only/TH1000000025.png
TH1000000026,barcodes_tracking_only/TH1000000026.png
TH1000000027,barcodes_tracking_only/TH1000000027.png
TH1000000028,barcodes_tracking_only/TH1000000028.png
TH1000000029,barcodes_tracking_only/TH1000000029.png
TH1000000030,barcodes_tracking_only/TH1000000030.png
TH1000000031,barcodes_tracking_only/TH1000000031.png
TH1000000032,barcodes_tracking_only/TH1000000032.png
TH1000000033,barcodes_tracking_only/TH1000000033.png
TH1000000034,barcodes_tracking_only/TH1000000034.png
TH1000000035,barcodes_tracking_only/TH1000000035.png
TH1000000036,barcodes_tracking_only/TH1000000036.png
TH1000000037,barcodes_tracking_only/TH1000000037.png
TH1000000038,barcodes_tracking_only/TH1000000038.png
TH1000000039,barcodes_tracking_only/TH1000000039.png
TH1000000040,barcodes_tracking_only/TH1000000040.png
TH1000000041,barcodes_tracking_only/TH1000000041.png
TH1000000042,barcodes_tracking_only/TH1000000042.png
TH1000000043,barcodes_tracking_only/TH1000000043.png
TH1000000044,barcodes_tracking_only/TH1000000044.png
TH1000000045,barcodes_tracking_only/TH1000000045.png
TH1000000046,barcodes_tracking_only/TH1000000046.png
TH1000000047,barcodes_tracking_only/TH1000000047.png
TH1000000048,barcodes_tracking_only/TH1000000048.png
TH1000000049,barcodes_tracking_only/TH1000000049.png
TH1000000050,barcodes_tracking_only/TH1000000050.png
TH1000000051,barcodes_tracking_only/TH1000000051.png
TH1000000052,barcodes_tracking_only/TH1000000052.png
TH1000000053,barcodes_tracking_only/TH1000000053.png
TH1000000054,barcodes_tracking_only/TH1000000054.png
TH1000000055,barcodes_tracking_only/TH1000000055.png
TH1000000056,barcodes_tracking_only/TH1000000056.png
TH1000000057,barcodes_tracking_only/TH1000000057.png
TH1000000058,barcodes_tracking_only/TH1000000058.png
TH1000000059,barcodes_tracking_only/TH1000000059.png
TH1000000060,barcodes_tracking_only/TH1000000060.png
TH1000000061,barcodes_tracking_only/TH1000000061.png
TH1000000062,barcodes_tracking_only/TH1000000062.png
TH1000000063,barcodes_tracking_only/TH1000000063.png
TH1000000064,barcodes_tracking_only/TH1000000064.png
TH1000000065,barcodes_tracking_only/TH1000000065.png
TH1000000066,barcodes_tracking_only/TH1000000066.png
TH1000000067,barcodes_tracking_only/TH1000000067.png
TH1000000068,barcodes_tracking_only/TH1000000068.png
TH1000000069,barcodes_tracking_only/TH1000000069.png
TH1000000070,barcodes_tracking_only/TH1000000070.png
TH1000000071,barcodes_tracking_only/TH1000000071.png
TH1000000072,barcodes_tracking_only/TH1000000072.png
TH1000000073,barcodes_tracking_only/TH1000000073.png
TH1000000074,barcodes_tracking_only/TH1000000074.png
TH1000000075,barcodes_tracking_only/TH1000000075.png
TH1000000076,barcodes_tracking_only/TH1000000076.png
TH1000000077,barcodes_tracking_only/TH1000000077.png
TH1000000078,barcodes_tracking_only/TH1000000078.png
TH1000000079,barcodes_tracking_only/TH1000000079.png
TH1000000080,barcodes_tracking_only/TH1000000080.png
TH1000000081,barcodes_tracking_only/TH1000000081.png
TH1000000082,barcodes_tracking_only/TH1000000082.png
TH1000000083,barcodes_tracking_only/TH1000000083.png
TH1000000084,barcodes_tracking_only/TH1000000084.png
TH1000000085,barcodes_tracking_only/TH1000000085.png
TH1000000086,barcodes_tracking_only/TH1000000086.png
TH1000000087,barcodes_tracking_only/TH1000000087.png
TH1000000088,barcodes_tracking_only/TH1000000088.png
TH1000000089,barcodes_tracking_only/TH1000000089.png
TH1000000090,barcodes_tracking_only/TH1000000090.png
TH1000000091,barcodes_tracking_only/TH1000000091.png
TH1000000092,barcodes_tracking_only/TH1000000092.png
TH1000000093,barcodes_tracking_only/TH1000000093.png
TH1000000094,barcodes_tracking_only/TH1000000094.png
TH1000000095,barcodes_tracking_only/TH1000000095.png
TH1000000096,barcodes_tracking_only/TH1000000096.png
TH1000000097,barcodes_tracking_only/TH1000000097.png
TH1000000098,barcodes_tracking_only/TH1000000098.png
TH1000000099,barcodes_tracking_only/TH1000000099.png
TH1000000100,barcodes_tracking_only/TH1000000100.png
TH1000000101,barcodes_tracking_only/TH1000000101.png
TH1000000102,barcodes_tracking_only/TH1000000102.png
TH1000000103,barcodes_tracking_only/TH1000000103.png
TH1000000104,barcodes_tracking_only/TH1000000104.png
TH1000000105,barcodes_tracking_only/TH1000000105.png
TH1000000106,barcodes_tracking_only/TH1000000106.png
TH1000000107,barcodes_tracking_only/TH1000000107.png
TH1000000108,barcodes_tracking_only/TH1000000108.png
TH1000000109,barcodes_tracking_only/TH1000000109.png
TH1000000110,barcodes_tracking_only/TH1000000110.png
TH1000000111,barcodes_tracking_only/TH1000000111.png
TH1000000112,barcodes_tracking_only/TH1000000112.png
TH1000000113,barcodes_tracking_only/TH1000000113.png
TH1000000114,barcodes_tracking_only/TH1000000114.png
TH1000000115,barcodes_tracking_only/TH1000000115.png
TH1000000116,barcodes_tracking_only/TH1000000116.png
TH1000000117,barcodes_tracking_only/TH1000000117.png
TH1000000118,barcodes_tracking_only/TH1000000118.png
TH1000000119,barcodes_tracking_only/TH1000000119.png
TH1000000120,barcodes_tracking_only/TH1000000120.png
TH1000000121,barcodes_tracking_only/TH1000000121.png
TH1000000122,barcodes_tracking_only/TH1000000122.png
TH1000000123,barcodes_tracking_only/TH1000000123.png
TH1000000124,barcodes_tracking_only/TH1000000124.png
TH1000000125,barcodes_tracking_only/TH1000000125.png
TH1000000126,barcodes_tracking_only/TH1000000126.png
TH1000000127,barcodes_tracking_only/TH1000000127.png
TH1000000128,barcodes_tracking_only/TH1000000128.png
TH1000000129,barcodes_tracking_only/TH1000000129.png
TH1000000130,barcodes_tracking_only/TH1000000130.png
TH1000000131,barcodes_tracking_only/TH1000000131.png
TH1000000132,barcodes_tracking_only/TH1000000132.png
TH1000000133,barcodes_tracking_only/TH1000000133.png
TH1000000134,barcodes_tracking_only/TH1000000134.png
TH1000000135,barcodes_tracking_only/TH1000000135.png
TH1000000136,barcodes_tracking_only/TH1000000136.png
TH1000000137,barcodes_tracking_only/TH1000000137.png
TH1000000138,barcodes_tracking_only/TH1000000138.png
TH1000000139,barcodes_tracking_only/TH1000000139.png
TH1000000140,barcodes_tracking_only/TH1000000140.png
TH1000000141,barcodes_tracking_only/TH1000000141.png
TH1000000142,barcodes_tracking_only/TH1000000142.png
TH1000000143,barcodes_tracking_only/TH1000000143.png
TH1000000144,barcodes_tracking_only/TH1000000144.png
TH1000000145,barcodes_tracking_only/TH1000000145.png
TH1000000146,barcodes_tracking_only/TH1000000146.png
TH1000000147,barcodes_tracking_only/TH1000000147.png
TH1000000148,barcodes_tracking_only/TH1000000148.png
TH1000000149,barcodes_tracking_only/TH1000000149.png
TH1000000150,barcodes_tracking_only/TH1000000150.png
TH1000000151,barcodes_tracking_only/TH1000000151.png
TH1000000152,barcodes_tracking_only/TH1000000152.png
TH1000000153,barcodes_tracking_only/TH1000000153.png
TH1000000154,barcodes_tracking_only/TH1000000154.png
TH1000000155,barcodes_tracking_only/TH1000000155.png
TH1000000156,barcodes_tracking_only/TH1000000156.png
TH1000000157,barcodes_tracking_only/TH1000000157.png
TH1000000158,barcodes_tracking_only/TH1000000158.png
TH1000000159,barcodes_tracking_only/TH1000000159.png
TH1000000160,barcodes_tracking_only/TH1000000160.png
TH1000000161,barcodes_tracking_only/TH1000000161.png
TH1000000162,barcodes_tracking_only/TH1000000162.png
TH1000000163,barcodes_tracking_only/TH1000000163.png
TH1000000164,barcodes_tracking_only/TH1000000164.png
TH1000000165,barcodes_tracking_only/TH1000000165.png
TH1000000166,barcodes_tracking_only/TH1000000166.png
TH1000000167,barcodes_tracking_only/TH1000000167.png
TH1000000168,barcodes_tracking_only/TH1000000168.png
TH1000000169,barcodes_tracking_only/TH1000000169.png
TH1000000170,barcodes_tracking_only/TH1000000170.png
TH1000000171,barcodes_tracking_only/TH1000000171.png
TH1000000172,barcodes_tracking_only/TH1000000172.png
TH1000000173,barcodes_tracking_only/TH1000000173.png
TH1000000174,barcodes_tracking_only/TH1000000174.png
TH1000000175,barcodes_tracking_only/TH1000000175.png
TH1000000176,barcodes_tracking_only/TH1000000176.png
TH1000000177,barcodes_tracking_only/TH1000000177.png
TH1000000178,barcodes_tracking_only/TH1000000178.png
TH1000000179,barcodes_tracking_only/TH1000000179.png
TH1000000180,barcodes_tracking_only/TH1000000180.png
TH1000000181,barcodes_tracking_only/TH1000000181.png
TH1000000182,barcodes_tracking_only/TH1000000182.png
TH1000000183,barcodes_tracking_only/TH1000000183.png
TH1000000184,barcodes_tracking_only/TH1000000184.png
TH1000000185,barcodes_tracking_only/TH1000000185.png
TH1000000186,barcodes_tracking_only/TH1000000186.png
TH1000000187,barcodes_tracking_only/TH1000000187.png
TH1000000188,barcodes_tracking_only/TH1000000188.png
TH1000000189,barcodes_tracking_only/TH1000000189.png
TH1000000190,barcodes_tracking_only/TH1000000190.png
TH1000000191,barcodes_tracking_only/TH1000000191.png
TH1000000192,barcodes_tracking_only/TH1000000192.png
TH1000000193,barcodes_tracking_only/TH1000000193.png
TH1000000194,barcodes_tracking_only/TH1000000194.png
TH1000000195,barcodes_tracking_only/TH1000000195.png
TH1000000196,barcodes_tracking_only/TH1000000196.png
TH1000000197,barcodes_tracking_only/TH1000000197.png
TH1000000198,barcodes_tracking_only/TH1000000198.png
TH1000000199,barcodes_tracking_only/TH1000000199.png
TH1000000200,barcodes_tracking_only/TH1000000200.png
